date,ip
registration ip,82.222.11.17
2023-06-29 10:16:07 UTC,85.153.237.96
2023-06-29 14:25:25 UTC,85.153.237.96
2023-06-30 01:16:29 UTC,85.153.237.96
2023-06-30 04:15:35 UTC,85.153.237.96
2023-06-30 05:46:19 UTC,85.153.237.96
2023-06-30 07:15:55 UTC,85.153.237.96
2023-06-30 10:05:43 UTC,85.153.237.96
2023-06-30 15:53:54 UTC,85.153.237.96
2023-07-01 01:15:19 UTC,85.153.237.96
2023-07-01 02:46:24 UTC,85.153.237.96
2023-07-01 06:19:18 UTC,85.153.237.96
2023-07-01 07:16:31 UTC,2a02:e0:6bb5:be00:a470:d86e:b621:5a68
2023-07-01 08:44:13 UTC,85.153.237.96
2023-07-01 10:20:10 UTC,85.153.237.96
2023-07-01 14:48:02 UTC,85.153.237.96
2023-07-01 16:16:24 UTC,85.153.237.96
2023-07-02 01:16:21 UTC,85.153.237.96
2023-07-02 02:46:53 UTC,85.153.237.96
2023-07-02 04:16:25 UTC,85.153.237.96
2023-07-02 08:45:47 UTC,85.153.237.96
2023-07-02 11:46:33 UTC,85.153.237.96
2023-07-02 15:02:59 UTC,85.153.237.96
2023-07-02 18:10:10 UTC,85.153.237.96
2023-07-03 12:38:58 UTC,85.153.237.96
2023-07-03 13:19:48 UTC,85.153.237.19
2023-07-03 14:48:50 UTC,85.153.237.19
2023-07-03 16:01:19 UTC,85.153.237.19
2023-07-03 17:18:59 UTC,85.153.237.19
2023-07-04 08:56:54 UTC,85.153.237.19
2023-07-04 09:57:47 UTC,85.153.237.19
2023-07-04 13:35:46 UTC,85.153.237.19
2023-07-04 14:55:41 UTC,85.153.237.19
2023-07-04 16:45:01 UTC,85.153.237.19
2023-07-04 18:34:04 UTC,85.153.237.19
2023-07-04 20:06:07 UTC,85.153.237.19
2023-07-04 23:49:17 UTC,85.153.237.19
2023-07-05 04:32:07 UTC,85.153.237.19
2023-07-05 05:44:49 UTC,85.153.237.19
2023-07-05 18:04:33 UTC,85.153.237.19
2023-07-06 14:27:11 UTC,37.154.31.194
2023-07-07 09:43:12 UTC,85.153.237.19
2023-07-07 10:43:47 UTC,85.153.237.19
2023-07-07 13:55:44 UTC,85.153.237.19
2023-07-07 16:29:33 UTC,85.153.237.19
2023-07-07 17:29:54 UTC,85.153.237.19
2023-07-07 18:41:49 UTC,85.153.237.19
2023-07-07 20:51:00 UTC,85.153.237.19
2023-07-08 01:17:10 UTC,85.153.237.19
2023-07-08 06:08:00 UTC,85.153.237.19
2023-07-09 19:30:55 UTC,85.153.237.19
2023-07-09 21:37:01 UTC,85.153.237.19
2023-07-10 04:17:25 UTC,85.153.237.19
2023-07-11 10:51:52 UTC,85.153.237.19
2023-07-11 11:45:30 UTC,94.235.227.118
2023-07-12 05:17:25 UTC,2a02:e0:6b3e:d00:885e:ec8b:bfa3:213b
2023-07-12 05:17:25 UTC,176.33.91.188
2023-07-14 05:48:44 UTC,176.33.91.188
2023-07-14 12:49:36 UTC,176.33.91.188
2023-07-14 14:00:39 UTC,176.33.91.188
2023-07-14 16:08:39 UTC,176.33.91.188
2023-07-14 18:51:13 UTC,176.33.91.188
2023-07-15 08:03:59 UTC,176.33.91.188
2023-07-16 09:06:22 UTC,176.33.91.188
2023-07-16 10:10:29 UTC,176.33.91.188
2023-07-17 17:01:18 UTC,176.33.91.188
2023-07-18 09:34:32 UTC,176.33.91.188
2023-07-18 15:49:58 UTC,176.33.91.188
2023-07-18 17:27:59 UTC,176.33.91.188
2023-07-18 18:56:22 UTC,176.33.91.188
2023-07-18 20:12:31 UTC,176.33.91.188
2023-07-18 22:33:25 UTC,176.33.91.188
2023-07-19 05:02:19 UTC,176.33.91.188
2023-07-19 09:43:42 UTC,176.33.91.188
2023-07-20 12:43:37 UTC,176.33.91.188
2023-07-20 18:29:38 UTC,176.33.91.188
2023-07-21 14:31:31 UTC,37.154.15.148
2023-07-21 17:06:24 UTC,37.154.15.148
2023-07-21 17:59:07 UTC,2a02:e0:6b3e:d00:cde4:5421:4552:be03
2023-07-21 17:59:07 UTC,176.33.91.188
2023-07-22 05:39:05 UTC,176.33.91.188
2023-07-22 11:34:02 UTC,176.33.91.188
2023-07-22 19:13:29 UTC,176.33.91.188
2023-07-23 06:01:27 UTC,176.33.91.188
2023-07-23 18:04:13 UTC,176.220.89.205
2023-07-24 06:53:38 UTC,176.33.91.188
2023-07-24 15:56:58 UTC,176.33.91.188
2023-07-24 17:10:13 UTC,176.33.91.188
2023-07-25 06:39:02 UTC,176.33.91.188
2023-07-25 08:00:04 UTC,176.33.91.188
2023-07-25 12:14:03 UTC,176.33.91.188
2023-07-25 17:25:00 UTC,176.220.83.4
2023-07-25 18:44:18 UTC,176.33.91.188
2023-07-26 14:22:51 UTC,176.33.91.188
2023-07-27 12:03:57 UTC,176.33.91.188
2023-07-27 12:52:22 UTC,37.154.24.115
2023-07-27 17:34:18 UTC,176.33.91.188
2023-07-27 18:17:55 UTC,2a02:e0:6b3e:d00:cde4:5421:4552:be03
2023-07-28 06:43:46 UTC,176.33.91.188
2023-07-28 14:00:18 UTC,176.33.91.188
2023-07-28 16:40:29 UTC,176.33.91.188
2023-07-29 18:03:31 UTC,176.33.91.188
2023-07-29 19:04:01 UTC,176.33.91.188
2023-07-29 20:18:59 UTC,176.33.91.188
2023-07-30 18:29:54 UTC,176.33.91.188
2023-07-30 19:37:29 UTC,176.33.91.188
2023-07-31 13:06:20 UTC,176.33.91.188
2023-08-01 06:17:04 UTC,176.33.91.188
2023-08-01 08:00:01 UTC,176.33.91.188
2023-08-01 09:01:39 UTC,176.33.91.188
2023-08-02 10:25:04 UTC,176.33.91.188
2023-08-03 06:56:17 UTC,176.33.91.188
2023-08-03 12:47:04 UTC,176.33.91.188
2023-08-03 19:50:25 UTC,176.33.91.188
2023-08-04 15:16:55 UTC,176.33.91.188
2023-08-04 17:16:13 UTC,176.33.91.188
2023-08-05 04:54:12 UTC,176.33.91.188
2023-08-05 09:36:59 UTC,176.33.91.188
2023-08-05 12:16:09 UTC,176.33.91.188
2023-08-05 17:16:35 UTC,176.33.91.188
2023-08-06 06:20:42 UTC,176.33.91.188
2023-08-06 09:40:36 UTC,176.33.91.188
2023-08-07 06:23:50 UTC,176.33.91.188
2023-08-08 21:07:32 UTC,176.33.91.188
2023-08-09 07:40:29 UTC,5.47.58.223
2023-08-09 10:01:16 UTC,195.155.177.56
2023-08-09 11:39:54 UTC,195.155.177.56
2023-08-09 17:05:22 UTC,195.155.177.56
2023-08-10 04:18:58 UTC,195.155.177.56
2023-08-10 07:05:37 UTC,195.155.177.56
2023-08-10 18:27:46 UTC,195.155.177.56
2023-08-10 19:57:26 UTC,195.155.177.56
2023-08-11 05:25:53 UTC,195.155.177.56
2023-08-11 10:49:09 UTC,195.155.177.56
2023-08-11 14:28:11 UTC,195.155.177.56
2023-08-11 16:03:30 UTC,195.155.177.56
2023-08-11 16:03:34 UTC,2a02:e0:6b65:bc00:acf9:3ba3:78f3:f763
2023-08-13 04:48:11 UTC,92.44.220.224
2023-08-13 05:53:47 UTC,2a02:e0:6bca:e700:314e:8c16:ec00:f398
2023-08-13 05:55:55 UTC,92.44.220.224
2023-08-13 07:16:27 UTC,92.44.220.224
2023-08-13 09:55:09 UTC,176.220.70.141
2023-08-13 16:08:15 UTC,92.44.220.224
2023-08-14 03:28:31 UTC,92.44.220.224
2023-08-14 09:54:59 UTC,92.44.220.224
2023-08-15 03:37:58 UTC,85.153.239.6
2023-08-15 03:49:18 UTC,2a02:e0:6b3d:7000:314e:8c16:ec00:f398
2023-08-15 04:20:35 UTC,5.47.33.229
2023-08-15 04:50:57 UTC,85.153.239.6
2023-08-15 07:43:00 UTC,85.153.235.158
2023-08-15 10:09:11 UTC,85.153.235.158
2023-08-15 10:36:03 UTC,5.47.34.157
2023-08-15 11:37:30 UTC,85.153.235.158
2023-08-15 18:46:24 UTC,85.153.235.158
2023-08-15 20:22:05 UTC,85.153.235.158
2023-08-16 06:49:30 UTC,92.44.220.224
2023-08-16 11:47:03 UTC,92.44.220.224
2023-08-17 04:33:13 UTC,176.33.88.186
2023-08-17 08:12:08 UTC,176.33.88.186
2023-08-17 11:29:36 UTC,176.33.88.186
2023-08-17 13:28:59 UTC,94.235.248.197
2023-08-17 19:04:15 UTC,94.235.248.197
2023-08-18 04:23:02 UTC,195.155.178.255
2023-08-18 05:32:28 UTC,195.155.178.255
2023-08-18 07:35:36 UTC,195.155.178.255
2023-08-18 09:04:59 UTC,195.155.178.255
2023-08-18 13:44:05 UTC,195.155.178.255
2023-08-18 14:59:34 UTC,195.155.178.255
2023-08-18 17:51:03 UTC,195.155.178.255
2023-08-19 04:12:53 UTC,195.155.178.255
2023-08-19 08:08:41 UTC,195.155.178.255
2023-08-19 10:21:14 UTC,37.154.16.208
2023-08-19 11:33:22 UTC,85.153.239.11
2023-08-19 12:16:55 UTC,149.34.244.133
2023-08-19 12:35:18 UTC,85.153.239.11
2023-08-20 06:28:34 UTC,176.33.117.44
2023-08-20 08:24:55 UTC,176.33.117.44
2023-08-20 10:59:25 UTC,176.33.117.44
2023-08-20 13:27:56 UTC,176.33.117.44
2023-08-20 14:27:56 UTC,176.33.117.44
2023-08-20 16:43:41 UTC,176.33.117.44
2023-08-21 15:50:45 UTC,176.33.117.44
2023-08-21 17:27:27 UTC,2a02:e0:6bea:f100:314e:8c16:ec00:f398
2023-08-21 17:27:28 UTC,176.33.117.44
2023-08-21 18:28:49 UTC,176.33.117.44
2023-08-21 19:32:06 UTC,176.33.117.44
2023-08-22 07:37:32 UTC,176.33.117.44
2023-08-22 11:38:10 UTC,176.33.117.44
2023-08-22 18:19:29 UTC,176.33.117.44
2023-08-23 10:17:11 UTC,176.33.117.44
2023-08-23 12:35:47 UTC,176.33.117.44
2023-08-24 05:00:22 UTC,176.33.117.44
2023-08-24 08:45:48 UTC,176.33.117.44
2023-08-24 18:25:30 UTC,37.154.108.171
2023-08-24 20:51:56 UTC,176.33.117.44
2023-08-25 05:53:17 UTC,176.33.117.44
2023-08-25 12:41:04 UTC,176.33.117.44
2023-08-25 13:46:00 UTC,176.33.117.44
2023-08-26 08:53:36 UTC,176.33.117.44
2023-08-26 10:33:41 UTC,176.33.117.44
2023-08-26 11:34:05 UTC,176.33.117.44
2023-08-26 15:27:15 UTC,176.33.117.44
2023-08-27 04:52:23 UTC,176.33.117.44
2023-08-27 05:52:36 UTC,176.33.117.44
2023-08-27 07:54:26 UTC,176.33.117.44
2023-08-27 09:39:59 UTC,176.33.117.44
2023-08-27 13:26:20 UTC,176.33.117.44
2023-08-27 16:08:01 UTC,176.33.117.44
2023-08-27 17:47:38 UTC,176.33.117.44
2023-08-27 23:03:17 UTC,176.33.117.44
2023-08-28 00:29:03 UTC,176.33.117.44
2023-08-28 05:17:43 UTC,176.33.117.44
2023-08-28 08:22:46 UTC,176.33.117.44
2023-08-28 09:28:49 UTC,176.33.117.44
2023-08-28 15:14:12 UTC,176.33.117.44
2023-08-29 07:42:14 UTC,176.33.117.44
2023-08-29 15:05:38 UTC,176.33.117.44
2023-08-30 04:59:06 UTC,176.33.117.44
2023-08-31 05:24:48 UTC,176.33.117.44
2023-08-31 06:32:58 UTC,176.33.117.44
2023-08-31 13:03:20 UTC,176.33.117.44
2023-08-31 14:53:06 UTC,176.33.117.44
2023-09-01 11:18:19 UTC,176.33.117.44
2023-09-02 06:45:42 UTC,176.33.117.44
2023-09-02 06:45:49 UTC,2a02:e0:6bea:f100:d853:263:b0a7:74c
2023-09-02 08:54:04 UTC,176.33.117.44
2023-09-02 16:42:36 UTC,176.33.117.44
2023-09-02 17:48:00 UTC,176.33.117.44
2023-09-03 05:54:15 UTC,176.33.117.44
2023-09-03 10:06:02 UTC,176.33.117.44
2023-09-03 11:12:25 UTC,176.33.117.44
2023-09-03 13:28:39 UTC,176.33.117.44
2023-09-03 17:35:03 UTC,176.33.117.44
2023-09-04 05:27:55 UTC,176.33.117.44
2023-09-04 07:07:10 UTC,176.33.117.44
2023-09-04 10:15:56 UTC,176.33.117.44
2023-09-04 19:55:24 UTC,37.154.94.19
2023-09-05 04:46:18 UTC,176.33.117.44
2023-09-05 10:57:06 UTC,176.33.117.44
2023-09-05 13:30:54 UTC,176.33.117.44
2023-09-05 18:04:55 UTC,176.33.117.44
2023-09-05 22:43:12 UTC,176.33.117.44
2023-09-06 04:50:55 UTC,176.33.117.44
2023-09-06 09:33:33 UTC,176.33.117.44
2023-09-07 15:45:18 UTC,176.33.117.44
2023-09-07 18:58:39 UTC,176.33.117.44
2023-09-08 08:26:37 UTC,176.33.117.44
2023-09-08 10:01:42 UTC,176.33.117.44
2023-09-09 11:30:51 UTC,176.33.117.44
2023-09-09 12:51:24 UTC,176.33.117.44
2023-09-09 13:51:26 UTC,176.33.117.44
2023-09-09 18:41:21 UTC,176.33.117.44
2023-09-10 14:42:05 UTC,176.33.117.44
2023-09-10 16:22:47 UTC,2a02:e0:6bea:f100:287e:91fd:5368:9156
2023-09-10 16:22:49 UTC,176.33.117.44
2023-09-11 11:40:08 UTC,176.33.117.44
2023-09-11 14:06:12 UTC,176.33.117.44
2023-09-12 12:26:19 UTC,176.33.117.44
2023-09-12 15:46:22 UTC,176.33.117.44
2023-09-12 18:06:55 UTC,176.33.117.44
2023-09-12 23:35:40 UTC,2a02:e0:6bea:f100:a9a0:8b83:2402:d3bd
2023-09-12 23:35:41 UTC,176.33.117.44
2023-09-13 07:39:49 UTC,176.33.117.44
2023-09-13 10:40:08 UTC,176.33.117.44
2023-09-13 11:51:59 UTC,176.33.117.44
2023-09-13 12:42:30 UTC,37.154.17.48
2023-09-13 13:44:17 UTC,37.154.17.48
2023-09-13 15:34:27 UTC,37.154.17.48
2023-09-13 19:47:28 UTC,85.153.236.4
2023-09-14 05:43:33 UTC,85.153.236.4
2023-09-14 10:31:38 UTC,85.153.232.11
2023-09-15 23:15:39 UTC,176.33.116.145
2023-09-16 10:56:01 UTC,176.33.116.145
2023-09-16 17:48:53 UTC,176.33.116.145
2023-09-17 06:59:35 UTC,176.33.116.145
2023-09-17 16:25:30 UTC,176.33.116.145
2023-09-17 18:49:33 UTC,176.33.116.145
2023-09-18 08:26:09 UTC,176.33.116.145
2023-09-18 10:06:12 UTC,176.33.116.145
2023-09-18 14:27:06 UTC,176.33.116.145
2023-09-18 15:47:38 UTC,176.33.116.145
2023-09-19 12:38:18 UTC,176.33.116.145
2023-09-19 13:46:40 UTC,176.33.116.145
2023-09-19 17:49:27 UTC,176.33.116.145
2023-09-20 04:39:38 UTC,176.33.116.145
2023-09-20 07:33:52 UTC,176.33.116.145
2023-09-20 07:33:54 UTC,2a02:e0:6b7b:6300:60c7:a08a:7c0a:d973
2023-09-20 15:36:51 UTC,176.33.116.145
2023-09-20 17:31:12 UTC,176.33.116.145
2023-09-21 07:44:17 UTC,176.33.116.145
2023-09-21 08:50:09 UTC,176.33.116.145
2023-09-21 12:29:38 UTC,176.33.116.145
2023-09-21 13:22:00 UTC,37.154.26.83
2023-09-21 18:27:59 UTC,176.33.116.145
2023-09-22 04:21:41 UTC,176.33.116.145
2023-09-22 12:12:04 UTC,176.33.116.145
2023-09-22 15:21:55 UTC,176.33.116.145
2023-09-22 16:02:53 UTC,37.154.0.155
2023-09-23 05:20:08 UTC,176.33.116.145
2023-09-23 08:41:38 UTC,195.155.178.182
2023-09-23 12:23:33 UTC,195.155.178.182
2023-09-23 13:23:37 UTC,195.155.178.182
2023-09-23 15:09:54 UTC,2a02:e0:6b8c:2700:6859:dbfe:34f9:ba3e
2023-09-23 15:09:57 UTC,195.155.178.182
2023-09-24 05:25:07 UTC,37.154.21.10
2023-09-24 07:30:08 UTC,37.154.21.10
2023-09-24 20:06:16 UTC,159.20.68.5
2023-09-25 05:23:37 UTC,159.20.68.5
2023-09-25 05:47:46 UTC,151.135.32.155
2023-09-25 09:02:14 UTC,159.20.68.5
2023-09-25 09:25:08 UTC,151.135.32.155
2023-09-25 11:06:20 UTC,151.135.32.155
2023-09-25 13:08:47 UTC,151.135.32.155
2023-09-25 19:00:02 UTC,159.20.68.5
2023-09-26 04:18:25 UTC,159.20.68.5
2023-09-26 05:34:54 UTC,159.20.68.5
2023-09-26 09:15:19 UTC,151.135.25.74
2023-09-26 11:56:55 UTC,151.135.25.74
2023-09-26 13:10:43 UTC,151.135.25.74
2023-09-26 16:46:43 UTC,151.135.25.74
2023-09-26 20:49:25 UTC,159.20.68.5
2023-09-26 22:10:28 UTC,159.20.68.5
2023-09-27 09:30:43 UTC,151.135.27.10
2023-09-27 11:17:19 UTC,151.135.27.10
2023-09-28 06:35:27 UTC,159.20.68.5
2023-09-28 09:48:08 UTC,159.20.68.5
2023-09-28 13:35:26 UTC,159.20.68.5
2023-09-28 17:22:13 UTC,159.20.68.5
2023-09-29 07:48:49 UTC,159.20.68.5
2023-09-29 20:46:51 UTC,159.20.68.5
2023-09-30 07:19:53 UTC,159.20.68.5
2023-09-30 08:30:39 UTC,159.20.68.5
2023-09-30 14:18:34 UTC,159.20.68.5
2023-09-30 20:10:40 UTC,159.20.68.5
2023-10-01 05:14:12 UTC,159.20.68.5
2023-10-01 07:17:16 UTC,159.20.68.5
2023-10-01 08:21:22 UTC,159.20.68.5
2023-10-01 12:10:02 UTC,159.20.68.5
2023-10-01 17:25:31 UTC,159.20.68.5
2023-10-01 18:29:08 UTC,159.20.68.5
2023-10-02 05:23:14 UTC,159.20.68.5
2023-10-02 07:04:27 UTC,159.20.68.5
2023-10-02 08:11:19 UTC,159.20.68.5
2023-10-02 09:20:35 UTC,159.20.68.5
2023-10-02 10:27:57 UTC,159.20.68.5
2023-10-02 12:43:30 UTC,159.20.68.5
2023-10-03 07:02:16 UTC,159.20.68.5
2023-10-03 08:15:17 UTC,159.20.68.5
2023-10-03 11:25:50 UTC,159.20.68.5
2023-10-03 11:28:49 UTC,46.104.8.245
2023-10-03 18:55:40 UTC,159.20.68.5
2023-10-03 19:56:28 UTC,159.20.68.5
2023-10-03 21:09:39 UTC,159.20.68.5
2023-10-04 06:52:02 UTC,159.20.68.5
2023-10-04 09:29:48 UTC,159.20.68.5
2023-10-04 19:18:50 UTC,159.20.68.5
2023-10-05 08:34:56 UTC,159.20.68.5
2023-10-05 16:32:48 UTC,159.20.68.5
2023-10-06 12:19:55 UTC,159.20.68.5
2023-10-06 13:40:52 UTC,159.20.68.5
2023-10-06 15:16:58 UTC,159.20.68.5
2023-10-07 08:04:02 UTC,159.20.68.5
2023-10-07 09:05:24 UTC,159.20.68.5
